در,22040868
به,16175021
از,14215215
که,10140889
این,7669083
را,7492696
است,5884928
با,5768215
آن,3336928
برای,2992492
سال,2886967
شد,2431946
بود,2265055
او,2163220
بر,1946017
تا,1774050
خود,1756543
کرد,1725219
شده,1464225
می‌شود,1292707
دارد,1292259
شده‌است,1230935
قرار,1178967
پس,1152106
دو,1107394
عنوان,1091146
ایران,995515
آن‌ها,994725
توسط,957046
استفاده,927988
دیگر,861172
اما,849084
مورد,790203
می‌کند,729236
شهر,721932
کشور,614196
صورت,612599
کار,598940
روی,592693
اصلی,566162
زمان,561332
داد,547935
دست,541422
بین,533198
تاریخ,528083
باشد,523851
جمعیت,523319
پیش,509614
زیر,499693
داشت,496029
بازی,490882
انجام,475584
می‌توان,469998
مانند,456723
بعد,455478
کند,451229
برخی,447977
بیشتر,446900
شرکت,441370
بودند,433723
دارای,429727
میان,427967
کرده,420803
بوده‌است,413300
اشاره,411599
روز,411478
فیلم,400720
شامل,400082
سه,399872
بسیار,399385
می‌باشد,395823
آغاز,393347
کردند,391677
بخش,391279
شود,391227
اهل,386178
مردم,385607
داده,368118
اولین,364129
بسیاری,362601
طول,359316
اثر,357786
دلیل,356013
ایجاد,354185
تنها,352986
بار,352874
کتاب,352351
می‌کنند,352213
به‌طور,351198
می‌دهد,350605
می,350007
زبان,346695
دولت,345547
برابر,345280
گرفت,343605
شدند,341130
میلادی,339065
چند,337775
جمله,334778
گروه,334231
اعلام,329653
حال,328763
تولید,326828
ایالات,325383
آمریکا,324660
زاده,323032
شدن,320763
سطح,320391
داشته,315515
تشکیل,313430
دوره,312334
ثبت,312226
حدود,311472
منتشر,309579
ساخته,307990
منطقه,306000
باید,303333
دارند,301520
کردن,296943
می‌شوند,295050
زندگی,293753
بوده,292654
متر,292055
جنگ,289860
تیم,288600
بزرگ,288589
کرده‌است,286265
اساس,281104
جهان,280781
شکل,280665
بیش,278565
ملی,275842
مربوط,273531
گرفته,272458
تحت,272249
باعث,269650
می‌تواند,268737
ممکن,268328
اول,268253
مختلف,267491
پایان,265130
تأسیس,264667
درباره,264659
اگر,263038
دوران,259640
دوم,257716
توجه,257143
ماه,256548
سوی,254573
راه,254393
آب,254331
تغییر,253183
حضور,252310
طی,247672
مقاله,247327
روستا,247026
اینکه,245711
سپس,243740
ساخت,240991
فهرست,240527
زیادی,240298
ای,239809
کشف,238642
انتخاب,237833
گفته,235537
افزایش,235051
سازمان,232838
کنند,231656
تعداد,231229
تمام,228744
ادامه,228302
دیگری,228057
شاه,227171
حکومت,224908
قابل,222282
علی,221228
می‌شد,219469
جدید,218975
افراد,217445
۲,215310
سیاسی,214339
شناخته,213525
آثار,212541
سر,211889
دانشگاه,210821
چون,209086
خواهد,208664
تبدیل,208633
تهران,207233
مرکز,206034
بدون,205010
چهار,204505
فعالیت,202962
طریق,201819
به‌عنوان,201505
بن,200990
تصویب,198612
کمک,197014
۱,196558
محمد,195981
جای,195541
قانون,195302
پیدا,195207
ایرانی,194708
شمال,194103
۳,193298
مرگ,193291
زمانی,192754
قبل,192753
جنوب,192410
می‌کرد,192133
سمت,191973
شروع,191826
حتی,190688
برگزار,189878
مجموعه,189265
اسلامی,189243
می شود,188625
معمولاً,188300
جهت,184959
چنین,184392
آنان,183066
دریافت,180767
قدرت,180739
مجلس,180458
حمله,180443
گفت,179752
کاهش,179676
شماره,178576
رسید,178557
ارائه,176251
بین‌المللی,176190
شهرستان,176137
زمین,175233
جمهوری,175164
سیستم,173141
مدت,172027
قرن,171015
کنار,170738
۵,169631
روستایی,169512
آنجا,168704
مناطق,166924
براساس,166761
زنان,165278
۴,164208
روش,163914
مسکونی,163546
۱۰,163338
طراحی,162874
جهانی,161293
اطلاعات,160708
گزارش,160481
موسیقی,160432
جریان,159773
منابع,159322
درصد,158502
شکست,158404
موارد,158247
کامل,157980
سایر,157449
موجود,155998
شده‌اند,154567
توابع,154269
کشتی,154232
میلاد,153066
رئیس,152661
انتخابات,152172
بالا,151620
متحده,150496
عمل,150234
خارج,150123
استان,149082
فصل,148745
اعضای,148718
ریاست,148232
محل,147683
رسمی,147529
حزب,146913
شورای,146712
بررسی,146696
برنامه,146592
دریا,146088
توسعه,145841
فارسی,145609
چندین,145416
گردید,144882
داشتند,144592
دور,144570
روستای,144555
بنا,144451
مسابقات,143975
بخشی,143970
معروف,143908
غربی,143786
کشته,143546
مواد,143435
ما,142316
کنترل,142064
فقط,141658
مساحت,141651
رخ,141629
ارتش,141324
۱۵,141317
بودن,140322
فوتبال,140166
عضو,139869
دهه,139719
حمایت,139612
تاریخی,139004
رفت,138927
علیه,138677
۶,138590
ابتدا,138312
کسب,138241
حالی,137816
معرفی,137156
پی,136893
قسمت,136610
غیر,136561
حرکت,136477
ساعت,135968
مهم,135534
بالاتر,135496
بیان,135493
ژانویه,134776
شده است,134137
اجتماعی,133951
می‌گیرد,133742
تأثیر,133537
چه,133196
زیرا,132934
علاوه,132792
خط,132328
می‌کردند,131346
سوم,130912
اجرا,130195
مشخص,130138
عمومی,129769
ترتیب,129759
حالت,129386
آلبوم,128930
غرب,128486
مقابل,127886
آمریکایی,127377
موضوع,127343
موفق,127268
کیلومتر,127012
دادن,126999
دنیا,126706
کل,126638
رسیده,126564
حاضر,126378
طرف,125322
پنج,124834
میزان,124651
مرکزی,124281
۲۰,124177
شرقی,123993
آزاد,123942
بزرگ‌ترین,123401
علمی,122934
ارتباط,122732
سرعت,122040
داستان,121837
کوچک,121752
ازدواج,121750
خانه,121566
۱۲,121298
انتشار,120618
بهترین,120209
اغلب,119743
پرداخت,119571
۷,119404
پسر,119382
گسترش,119144
دستور,118735
شرایط,118717
زمینه,118626
علت,118040
انقلاب,117450
طرح,117353
کرده‌اند,116984
تقسیم,116922
آموزش,116875
طبق,116514
انگلیسی,116318
تن,116255
دیده,115806
مارس,115716
آخرین,115605
می‌گوید,115554
دهد,115448
شبکه,115179
۸,115162
تلاش,115047
انسان,115017
پخش,114414
آمد,114265
منجر,114210
خانواده,113371
محلی,113027
تهیه,112891
اقتصادی,111946
سپتامبر,111740
چاپ,111542
زن,111464
رو,111278
بیماری,111078
رنگ,110821
موجب,110189
می‌دهند,110124
کارگردانی,110065
سیارک,109786
حقوق,109634
شرق,109514
باشگاه,109427
باز,109413
داخل,109365
دنبال,109347
خاطر,109318
جامعه,109127
البته,109045
پیروزی,109042
معنی,108819
امنیت,108801
اجرای,108670
انتقال,108623
بعضی,108581
من,108423
می‌رود,108366
کلی,107937
اکتبر,107887
شوند,107703
آلمان,107527
گونه,107486
فرد,107404
درجه,107344
پایه,107158
باشند,106838
اولیه,106731
رشته,106707
پدر,106184
آوریل,106057
تعیین,105889
۳۰,105867
بازگشت,105807
۹,105587
تقریباً,105575
شهری,105339
۲۵,104953
ژوئن,104925
تعریف,104871
تصمیم,104549
رشد,104360
طبیعی,104229
می‌توانند,104147
دادند,104075
خاص,104027
داخلی,103973
داشته‌است,103739
دسامبر,103597
منظور,103596
اروپا,102802
کم,102763
درگذشت,102741
گذشته,102491
اسلام,102138
کمتر,102033
اوت,101965
آورد,101909
بنابراین,101851
سبک,101208
جان,101191
امور,101090
انرژی,100863
می‌رسد,100798
فرزند,100401
انواع,99521
عراق,99444
عهده,99321
۱۸,99301
خارجی,99066
فرودگاه,98977
محسوب,98901
بزرگی,98865
علوم,98731
برد,98526
بلکه,98321
جنوبی,98286
ساختمان,98167
اواخر,98042
میدان,97603
فرهنگ,97343
مشغول,97242
معنای,96713
دوباره,96301
رابطه,96170
فرهنگی,96114
تلویزیونی,95988
پیشنهاد,95783
مقام,95704
۱۱,95558
رهبری,95431
دستگاه,95262
حسین,95250
ارتفاع,95143
اقدام,95130
عدم,94898
فرانسه,94554
کشاورزی,94546
ذکر,94390
امکان,94112
مراسم,94097
حسن,93784
مرحله,93694
مقدار,93640
مطرح,93593
دلار,93431
توانست,93405
مثل,93258
سفر,93177
ترک,92926
بیشتری,92601
آمار,92436
حفظ,92393
عملیات,92305
ماده,92224
آمده,92106
متفاوت,92085
مدیریت,92058
سید,91881
خاک,91790
۱۴,91502
بازار,91408
کسی,91362
۱۶,91300
مسیر,91138
بعدها,91051
سپاه,90855
فروش,90798
فراهم,90733
تمامی,90502
امروزه,90218
اداره,90127
باقی,90033
عبارت,90028
سن,89870
برنامه‌های,89853
مثال,89743
گل,89573
اجازه,89558
گروهی,89176
سبب,88983
جایزه,88954
روسیه,88832
دومین,88818
۱۳,88701
پاسخ,88658
به‌شمار,88628
مشهور,88445
خان,88363
گرفتن,88315
جدا,88255
درآمد,88189
شش,87874
زیاد,87872
دختر,87805
مالی,87792
مهم‌ترین,87390
سرانجام,87177
۲۰۱۰,86798
اوایل,86668
جدول,86651
اساسی,86511
مدل,85994
سالگی,85592
می کند,85368
سده,85309
محصول,85156
پادشاه,85100
قهرمانی,84783
مخالف,84724
بی,84704
امر,84568
بدن,84475
اطراف,84438
سرشماری,84344
جلوگیری,84288
۱۷,84169
مصرف,84110
توصیف,84075
فشار,83899
حق,83880
اختیار,83859
فعالیت‌های,83771
دی,83635
مکان,83099
قنات‌های,82978
بعدی,82881
پایین,82731
درون,82591
۲۴,82502
دولتی,82291
پدرش,82251
تأیید,82115
صدا,81984
مدرسه,81903
بدین,81800
دین,81747
استقلال,81730
کمی,81631
سراسر,81390
گاهی,80932
مجموع,80530
می‌آید,80474
اتفاق,80279
مذهبی,80036
شخصی,80019
ساله,79993
ساختار,79862
ترکیب,79714
می‌گردد,79572
۲۱,79428
۱۹,79423
۲۲,79369
روابط,79341
تعدادی,79114
خودش,78997
مرد,78975
کاربرد,78962
بدست,78941
کاملاً,78937
بالای,78796
تصویر,78748
آزادی,78659
اسفند,78631
شدت,78601
می باشد,78554
شرح,78366
مشترک,78276
تحصیل,78112
سرزمین,77994
بازی‌های,77979
بریتانیا,77948
فاصله,77860
جام,77852
اندازه,77789
ده,77766
محیط,77735
فعال,77550
قدیمی,77547
تاکنون,77525
لازم,77512
فضای,77442
شوروی,77423
محدود,77372
درمان,77292
ژوئیه,77026
خبر,76998
دسته,76818
اهمیت,76812
امپراتوری,76745
حوزه,76653
تأمین,76559
اصل,76351
اگرچه,76284
ببینید,76281
آنکه,76231
بازیکن,76220
مشاهده,76203
حاصل,76201
حد,76114
مستقل,75886
قطعنامه,75750
شخصیت,75705
لیگ,75373
آنچه,75363
افغانستان,75328
بیست,75323
بیرون,75311
شعر,75203
مسئله,75036
قتل,74968
سابق,74925
عربی,74621
ترجمه,74576
گرفته‌است,74527
کیلومتری,74453
رئیس‌جمهور,74165
حل,74153
لحاظ,74076
منتقل,74070
رد,73818
رأی,73767
فرایند,73691
احتمال,73581
خصوص,73551
کوتاه,73470
جایی,73362
دچار,73291
معتقد,73269
قوانین,73261
بسته,73259
ضد,73215
متولد,73098
رسیدن,73096
دفاع,73039
زبان‌های,72953
تر,72915
خورشیدی,72747
شمار,72531
اضافه,72495
مستقیم,72429
جنسی,72073
چهارم,71831
۲۳,71828
امام,71535
تشخیص,71533
عالی,71148
درخواست,71085
سری,71073
مردان,70896
خدمات,70824
خدمت,70701
پشت,69699
اکنون,69686
مناسب,69558
سی,69535
پشتیبانی,69456
تجاری,69417
اعمال,69308
۲۸,69283
چین,69148
دانش,69013
جز,68954
پادشاهی,68800
برده,68759
عامل,68637
سیاست,68589
زمین‌لرزه,68263
۲۶,68166
پر,67878
چرا,67877
۲۷,67797
میرزا,67629
کسانی,67515
مادر,67440
جزیره,67378
اکثر,67342
علم,67303
رهبر,67269
چیزی,67189
۰,67178
حاکم,67151
آذربایجان,67057
خیابان,66778
داشتن,66698
عمر,66673
شیعه,66645
گسترده,66593
قلعه,66528
دید,66414
مشکلات,66301
پزشکی,66225
اختلاف,66094
احتمالاً,65837
خدا,65744
ثابت,65725
مشابه,65713
صفحه,65553
سریال,65517
برادر,65486
رفته,65382
بهمن,65322
اسرائیل,65141
کاری,65115
فیلمی,65047
مسابقه,65030
معماری,65027
باور,64974
تحقیقات,64882
شب,64733
مه,64667
جمع,64634
فوریه,64578
دسترسی,64567
جایگاه,64501
۲۰۱۱,64392
استاندارد,64274
مرتبط,64251
دفتر,64228
مسجد,64220
متن,64192
سنگ,64096
مطالعه,63989
شدید,63972
سنتی,63713
روش‌های,63602
حذف,63579
زنده,63564
عملکرد,63530
رود,63453
استاد,63354
زندان,63238
مقاومت,63154
سفید,63047
چشم,62899
ادبیات,62782
انجمن,62767
فوت,62363
تغییرات,62272
خوبی,62228
بخش‌های,62224
آتش,62200
پوشش,62179
قصد,62178
دینی,62114
خاصی,62094
۱۰۰,62020
تپه,61954
دریایی,61919
کوه,61881
پلیس,61686
آمده‌است,61582
متعلق,61560
پایتخت,61505
درست,61367
داده‌اند,61273
ظاهر,61102
شخص,60973
پروژه,60937
جایگزین,60778
عبور,60473
۲۰۱۲,60460
حداقل,60209
مفهوم,60106
خون,60046
رفتار,59822
تصرف,59756
تأکید,59715
توانایی,59687
شناسایی,59666
مخالفت,59483
ساکن,59452
فرمان,59447
قمری,59400
جنبش,59372
ایشان,59350
دهستان,59343
مسائل,59331
گرفتند,59314
منبع,59276
عرضه,59274
مجبور,59109
برتر,58956
شیخ,58891
قرآن,58856
کارهای,58849
می‌داند,58577
خویش,58342
افرادی,58253
پرواز,58231
برگزاری,58168
مشکل,58114
بیشترین,58067
حکم,58055
رای,57947
آهنگ,57920
موقعیت,57758
محصولات,57711
توان,57551
مقایسه,57525
برخوردار,57432
مسلمانان,57395
اصطلاح,57371
۲۹,57248
برنده,57119
سقوط,57026
باشگاه‌هایی,57017
گوناگون,57005
ابن,56858
مهاجرت,56844
داده‌است,56677
سلطان,56673
می‌باشند,56549
خانوار,56442
جدیدی,56390
۵۰,56314
شهرت,56308
برخورد,56281
خیلی,56134
بهبود,56133
عوامل,56029
مدیر,56029
سلطنت,56019
روایت,56008
سنت,55948
مبارزه,55946
صنعت,55742
موتور,55696
قهرمان,55568
خوانده,55537
بلند,55437
تفاوت,55363
شما,55296
پیشین,55168
عدد,55137
انگلستان,55054
دیدار,55050
مقامات,54922
خرداد,54914
سعی,54856
اقتصاد,54803
کودکان,54759
بومی,54757
می‌شدند,54516
طولانی,54441
مهمی,54433
می‌گویند,54405
قانونی,54374
ایرانیان,54148
تولد,54113
سومین,54081
اش,54038
خطر,54034
حساب,53873
بحث,53749
رایج,53745
متصل,53721
آینده,53699
عصر,53656
فرماندهی,53528
شبیه,53486
جذب,53251
قرارداد,53224
می‌دانند,53187
قادر,53127
فردی,53086
اعتقاد,52998
صادر,52984
۲۰۱۳,52980
کافی,52951
دانشکده,52927
موفقیت,52890
دهند,52786
ارزش,52755
۲۰۰۹,52690
دادگاه,52620
بازسازی,52581
تنظیم,52543
اخیر,52540
دعوت,52431
دقیقه,52337
طور,52316
می‌داد,52237
جوان,52173
سیاه,52089
اختصاص,52040
اصفهان,51921
آخر,51800
قیمت,51784
صنعتی,51775
متری,51757
۲۰۰۸,51740
تیر,51708
حمل,51664
مرز,51652
دکتر,51639
صاحب,51540
فرار,51520
اعتراض,51507
آسیب,51437
آموزشی,51370
مهر,51363
مصر,51310
آبی,51239
رقابت,51139
قالب,51103
ارسال,51074
آلمانی,51047
کنونی,50954
دیدگاه,50873
ترانه,50833
ساده,50814
دانشجویان,50805
صلح,50792
امنیتی,50747
ادعا,50633
جا,50605
سخن,50556
دقیق,50350
اشتباه,50342
اتحادیه,50275
توزیع,50249
پیشرفت,50143
۲۰۱۴,50138
فناوری,50066
ژاپن,50029
انسانی,49989
مؤسسه,49968
مجدد,49945
روزنامه,49902
مطالعات,49858
بوده‌اند,49719
اصول,49713
مربع,49645
ضمن,49614
خودرو,49379
بهره,49363
روند,49187
گرم,49165
جهاد,48979
عثمانی,48976
تدریس,48951
منصوب,48891
شهریور,48850
اهالی,48831
بهتر,48798
عناصر,48766
آزمایش,48763
پنجم,48368
سخت,48358
گاز,48276
رودخانه,48232
رتبه,48140
موسی,48128
۲۰۰۰,48103
خورشید,48020
مراکز,47918
قابلیت,47898
عمده,47845
دستگیر,47748
می‌گیرند,47718
امروز,47676
ریشه,47654
کشیده,47573
اهداف,47531
تابع,47516
فرانسوی,47477
۴۰,47398
توضیح,47348
جنگی,47346
باستان,47315
مبنی,47244
بازیگر,47179
گذاشته,46986
طبقه,46969
تخریب,46946
مرداد,46822
آورده,46811
اتحاد,46760
تجربه,46744
مثلاً,46658
رفتن,46597
تیم‌های,46580
گذاشت,46476
۲۰۰۶,46402
اظهار,46350
تحلیل,46336
خصوصی,46300
دوست,46286
مواجه,46237
فارس,46232
بازداشت,46226
صنایع,46152
اعدام,46132
اقدامات,46087
جرم,46081
کتاب‌های,46005
پا,45979
آبان,45977
زلزله,45886
شیعیان,45865
بروز,45837
دربار,45753
مدرن,45737
۶۰,45675
۲۰۰۷,45636
شاید,45557
خواست,45450
اشغال,45440
اروپایی,45434
برجسته,45431
انتقاد,45298
خاندان,45260
قبلی,45247
مهندسی,45221
بانک,45216
درک,45189
فراوانی,45187
صحبت,45179
برقرار,45129
احمد,45119
پایگاه,45097
زده,45076
دیگران,45039
باستانی,45011
دمای,44949
دانست,44920
معمول,44828
باب,44669
مسئول,44646
تخت,44556
عمدتاً,44536
پیامبر,44528
حملات,44527
اند,44525
فتح,44439
آمدن,44407
رساند,44390
خواهند,44195
خلاف,44112
لقب,44091
گاه,43987
خرید,43948
موزه,43891
پهلوی,43804
اصلاح,43710
محکوم,43641
قطع,43622
پذیرش,43559
ترکیه,43547
اردیبهشت,43442
احساس,43425
درگیری,43364
صد,43236
المپیک,43229
متوجه,43227
تبریز,43166
قطعه,43082
آسیا,43071
ارشد,43031
روشن,42968
ظهور,42962
پیوند,42937
توجهی,42936
امروزی,42868
حقیقت,42851
جاده,42841
بعداً,42790
تجارت,42747
لباس,42747
کدام,42654
جانشین,42628
پیرامون,42554
۲۰۱۵,42542
ماشین,42468
شورش,42442
ایتالیا,42401
درگذشته,42386
ماند,42357
پیوستن,42313
پیوست,42306
متحد,42231
میانه,42223
تازه,42213
کلمه,42128
پول,42045
منفی,42038
رقص,41948
برق,41937
صورتی,41926
متوسط,41912
بتواند,41806
فرمانده,41774
خلق,41760
فلسفه,41740
سوریه,41733
ضبط,41706
متعددی,41699
مجله,41672
ذخیره,41536
دلایل,41504
مقیاس,41440
سرکوب,41331
سریع,41317
امتیاز,41301
جمع‌آوری,41273
۲۰۱۶,41112
حاوی,41045
آماده,41043
می‌برد,41026
فروردین,41018
سامانه,41017
خورشیدگرفتگی,41004
۱۳۸۵,40956
ایستگاه,40885
معادل,40866
بالایی,40781
محله,40778
بیمارستان,40740
کیفیت,40679
عضویت,40572
بیت,40549
خواستار,40538
تحصیلات,40492
سربازان,40483
پیش‌بینی,40448
فنی,40390
معاون,40343
متهم,40330
مثبت,40308
اجرایی,40292
ابتدای,40262
ادبی,40256
جشنواره,40187
مشارکت‌کنندگان,40155
پل,40140
۲۰۰۵,40121
خوب,40079
ملل,40057
مؤثر,40012
تفسیر,39993
رمان,39942
کمیته,39928
دسترس,39864
۳۱,39807
آذر,39785
علاقه,39759
۲۰۱۷,39548
قبول,39485
اندکی,39397
روحانی,39365
اینجا,39360
شیمیایی,39305
سندی,39292
تهدید,39283
زد,39163
بگیرد,39142
مبتنی,39135
افتاد,39105
قدیم,39013
فکر,38996
سازی,38992
دنیای,38940
کنید,38801
سایت,38796
مستقر,38749
لشکر,38723
لایه,38719
امیر,38658
مانده,38629
قطعات,38609
مشارکت,38597
دهنده,38581
جغرافیایی,38579
مسلمان,38567
دانشمندان,38546
انگلیس,38514
متوقف,38513
اسناد,38503
اعتراضات,38484
کلاس,38480
رهبران,38421
صفر,38414
سخنرانی,38401
میزبان,38363
بشر,38313
راهی,38300
کره,38286
ششم,38250
مدال,38214
راست,38199
مخالفان,38190
کاربران,38160
آرامگاه,38049
درگیر,38005
حرفه‌ای,37953
۱۹۹۰,37950
خروج,37940
صحنه,37888
برخلاف,37882
عباس,37879
اوج,37878
خراسان,37862
گشت,37739
سبز,37738
تجهیزات,37688
ظرفیت,37688
تلویزیون,37640
جزو,37604
تک,37599
اطلاعاتی,37533
مبتلا,37523
اتاق,37487
تحقیق,37485
۲۰۱۹,37468
فراوان,37453
فرض,37422
مذهب,37407
معاصر,37370
جدی,37311
۲۰۰,37244
درخت,37244
اثبات,37194
باند,37172
حجم,37157
بکار,37148
کد,37057
۲۰۱۸,37034
گرچه,37004
حفاظت,36999
بنای,36919
مسئولیت,36866
بازیگران,36859
آوردن,36811
خطوط,36793
چپ,36790
کتابی,36788
سینما,36663
زمینی,36646
فرزندان,36605
توافق,36559
باغ,36527
حافظه,36482
دار,36463
قلمرو,36451
پیام,36358
گذشت,36320
می‌پردازد,36292
تقویت,36234
کاخ,36177
فضایی,36166
تصور,36158
شیوه,36157
مطابق,36124
مخصوص,36094
محاسبه,36012
کنگره,35994
تمرکز,35959
روبرو,35948
مقابله,35880
خداوند,35743
آشنا,35689
ق,35590
۲۰۰۴,35562
محاصره,35562
جنس,35453
پرورش,35437
روم,35425
فرستاد,35348
اشعار,35316
بازیکنان,35271
سلسله,35248
مقدس,35237
بیمار,35140
اندازه‌گیری,35118
جلد,35089
حادثه,35087
تکرار,35031
آقای,35025
۲۰۲۰,35001
بازبینی‌شده,34967
اکثریت,34944
اتصال,34943
ابراهیم,34932
فیزیکی,34928
شاخه,34891
کننده,34889
برنامه‌ریزی,34848
انتظار,34761
بافت,34734
ساختن,34669
به‌صورت,34640
جشن,34620
زدن,34601
پارک,34595
عرض,34434
قوی,34418
۱۹۸۰,34403
قم,34389
دشمن,34387
طبیعت,34361
رویداد,34346
پایانی,34335
مغز,34332
عین,34313
تظاهرات,34308
امپراتور,34293
ان,34285
عنصر,34285
محمود,34282
چهل,34259
احداث,34256
ترکیبی,34242
برعهده,34201
تصاویر,34090
برج,34061
متون,34036
حیات,34030
جبهه,33997
فعلی,33980
پست,33973
مدارس,33971
تابستان,33932
افتتاح,33895
تجزیه,33885
امضا,33874
ایفای,33843
آیا,33838
متشکل,33838
حرف,33834
پرتاب,33824
خلیفه,33769
کارشناسی,33696
روزهای,33672
تکمیل,33633
دوره‌های,33594
مهدی,33586
ابزار,33584
ممتنع,33575
کتابخانه,33565
اسم,33551
فوریهٔ,33495
ظاهری,33480
مدعی,33466
تو,33451
بردن,33375
کودک,33351
مانع,33345
شاعر,33332
مراحل,33329
عرب,33306
دریای,33200
مجدداً,33155
جلسه,33023
تماس,33006
خلیج,32990
محور,32928
پدید,32853
سینمایی,32849
ارزیابی,32751
فرستاده,32733
سالانه,32721
جوانان,32706
جلب,32647
جدایی,32620
آیین,32618
می دهد,32600
بنابر,32584
چهارمین,32554
حافظ,32549
انتهای,32416
ساز,32412
خواننده,32410
رسمیت,32359
خلافت,32356
الکتریکی,32341
منطقه‌ای,32339
خطی,32326
شهروندان,32285
پوست,32246
اینترنت,32243
حداکثر,32214
خشک,32150
زندانی,32140
موشک,32110
صرف,32045
حرم,32012
دیوار,31975
غذایی,31966
قرمز,31951
دریاچه,31950
عده‌ای,31933
ملاقات,31926
گردد,31904
فاطمه,31891
۲۰۰۳,31816
شیر,31785
مایل,31763
گیرد,31721
مدار,31679
الگوریتم,31665
ضرب,31618
جزایر,31617
مشهد,31572
آشکار,31571
تسلیم,31519
برگزیده,31495
اسکندر,31493
صدور,31443
سلاح,31434
ساحل,31429
مدرک,31376
کشت,31347
لغو,31313
فلزی,31308
چیز,31304
داشته‌اند,31288
طرفداران,31286
شاهد,31251
عملی,31251
بنیاد,31231
خواندن,31202
ابتدایی,31184
تئاتر,31170
سود,31134
امکانات,31067
کاربر,30967
اقامت,30964
اسپانیا,30937
رژیم,30916
تخمین,30902
محافظت,30825
پرونده,30802
کنیم,30781
مسیحی,30777
برادرش,30752
کوتاهی,30747
سلطنتی,30740
دیدن,30730
رایانه,30726
عادی,30704
۸۰,30686
جمعی,30627
ارمنستان,30612
سنگین,30604
۲۰۰۱,30576
تاج,30565
ستاره,30530
پای,30523
موافق,30489
میانگین,30468
زیبا,30456
قاجار,30455
اقوام,30450
گیاه,30413
کودکی,30405
استقبال,30390
زیردریایی,30370
مأموریت,30364
۱۳۸۶,30355
استدلال,30280
سرد,30256
گیاهان,30240
حین,30237
معرض,30227
موسوم,30212
شیراز,30200
ایفا,30192
آباد,30186
خواند,30176
۱۹۷۰,30144
رضا,30112
پیمان,30090
رواج,30039
ادعای,30034
دوازده,30025
بارها,30020
متغیر,30017
کوچکی,29992
خریداری,29991
بیماران,29983
بند,29981
رها,29977
پایهٔ,29951
۲۰۰۲,29928
معمولی,29887
گرد,29780
ثانیه,29769
عقب,29752
عموماً,29747
سپرده,29740
ادغام,29735
۹۰,29730
محدوده,29692
عقیده,29667
جانب,29656
د,29647
طلا,29623
دیوان,29620
موج,29596
شناخت,29580
متعدد,29556
منتقدان,29532
اوقات,29509
خواهر,29464
کارگران,29448
فوق,29435
بقیه,29403
مستعمره,29387
کلاسیک,29383
اداری,29366
راه‌اندازی,29366
خارجه,29350
گرایش,29312
پنجاه,29301
پیوسته,29289
اختلال,29243
غذا,29231
خروجی,29190
از,29185
ماهی,29157
ساکنان,29153
تبعید,29152
مجوز,29142
مایع,29086
سرویس,29075
بهره‌برداری,29054
سابقه,29050
۷۰,29038
کارخانه,29012
مکتب,28985
عشق,28969
اعتماد,28967
بزرگتر,28954
خبری,28953
دفن,28910
احترام,28906
می‌دادند,28906
تمایل,28893
قطر,28860
شلیک,28846
آمریکای,28834
ارتباطات,28826
اختراع,28824
انسان‌ها,28816
توصیه,28803
سختی,28754
کلید,28742
درمانی,28715
مواردی,28681
تدوین,28667
تحویل,28646
اشکال,28593
قیام,28593
دل,28587
قسمتی,28571
مردمی,28566
کهن,28557
سند,28548
حلقه,28546
پذیرفته,28496
اصلاحات,28495
مبنای,28476
غیره,28455
شهرداری,28395
قبلاً,28387
بغداد,28338
کمتری,28327
ممنوع,28319
۵۰۰,28258
دقت,28254
۱۹۶۰,28241
ضعیف,28193
می‌رفت,28155
تحریک,28132
دهم,28103
سکونت,28098
عبدالله,28098
میراث,28095
ساسانی,28084
فدرال,28077
سوخت,28072
رسماً,28053
زنی,28039
مالیات,28019
امضای,27974
زیست,27972
قبیل,27958
صحیح,27947
درس,27913
بنام,27900
ترکی,27898
کلیه,27880
پاریس,27870
معترضان,27870
لیست,27849
بالاترین,27822
خورد,27822
تخصصی,27820
سطوح,27813
متمرکز,27701
بالغ,27685
خشونت,27669
برداشت,27624
پیروز,27606
حیوانات,27587
بودجه,27520
ذرات,27502
آیه,27474
حوالی,27465
خالی,27463
۳۰۰,27404
حقوقی,27383
ترور,27367
۱۹۹۱,27339
مردمان,27330
مقادیر,27325
می‌خواهد,27318
سلول,27268
ابعاد,27261
بیستم,27255
به‌ویژه,27192
درد,27190
زیبایی,27153
دانسته,27130
آگاهی,27115
پیچیده,27093
۱۹۹۲,27047
آرام,27017
موافقت,26996
بهار,26962
می‌گرفت,26949
جامع,26928
بزرگان,26875
چگونه,26872
فاز,26828
جوامع,26813
اواسط,26809
جزئی,26752
سالن,26715
ستاد,26705
آژانس,26703
اعتبار,26697
شمسی,26695
۱۹۹۸,26656
طبقه‌بندی,26635
مسلح,26626
تربیت,26604
رقم,26598
تدریج,26594
علائم,26594
عربستان,26585
۱۹۹۹,26518
قلب,26505
عکس,26399
روح,26388
فروند,26387
می‌آورد,26378
حکومتی,26358
ارتباطی,26338
کوه‌های,26282
دستی,26280
پیروان,26257
صبح,26256
تعلق,26246
فضا,26230
لندن,26216
اتمام,26210
اطمینان,26193
اسماعیل,26176
جیمز,26170
توپ,26140
سرخ,26132
ارمنی,26120
بحران,26062
اسید,26054
شواهد,26049
دامنه,26043
خدایان,26017
حاکمیت,26004
اطلاع,26001
سد,25962
خانگی,25938
شرط,25907
دارو,25896
برگرفته,25885
ایده,25879
سؤال,25861
پنجمین,25846
تومان,25822
پنهان,25802
چینی,25794
تشویق,25790
سالهای,25780
سده‌های,25780
اعداد,25773
بخش‌هایی,25765
رادیو,25759
کمبود,25756
داستان‌های,25742
دخالت,25735
می‌روند,25686
دره,25681
اخراج,25673
برسد,25648
چگونگی,25625
پیروی,25608
مخفی,25604
کمیسیون,25582
اخلاقی,25574
جنگ‌های,25571
کشید,25562
کنندگان,25526
دانشگاهی,25508
کیلوگرم,25506
اسب,25503
اعزام,25499
جلوی,25499
ریاضی,25403
۳۵,25390
مفید,25351
برآورد,25349
اطلاق,25343
زمستان,25342
حدی,25333
غالباً,25320
جوانی,25317
زبانی,25304
موقت,25293
انقلابی,25278
چنان‌که,25278
امتداد,25232
خدای,25231
پایدار,25227
فاقد,25226
۱۹۹۳,25185
افتخار,25116
مقطع,25116
سنگی,25070
آزمون,25064
کانادا,25063
۱۹۹۴,25062
رده,25036
تکامل,25032
افزوده,25027
بازدید,25011
۱۹۹۶,24949
سرمایه‌گذاری,24940
روسی,24928
گرفته‌اند,24924
سرباز,24918
بستگی,24899
خطاب,24887
پارسی,24886
فینال,24851
لذا,24849
روایات,24847
اتهام,24845
قوم,24838
خودشان,24833
۱۳۹۰,24826
چندان,24820
دبیرستان,24816
پژوهش,24793
کارگردان,24762
طیف,24751
خواص,24746
الهام,24737
به‌طوری‌که,24714
فرصت,24611
ابراز,24610
۱۹۹۷,24602
می‌سازد,24561
سفارت,24553
شکل‌گیری,24538
پرچم,24530
رکورد,24507
عیسی,24495
موضوعات,24490
راحتی,24476
غیرقابل,24469
احزاب,24456
مردی,24445
داده‌ها,24415
اتمی,24411
استرالیا,24408
گویش,24398
قول,24330
ستون,24317
چنان,24312
پذیرفت,24307
عصبی,24251
پژوهشی,24237
محوطه,24227
اچ‌ام‌اس,24194
آهن,24175
معتبر,24168
بندی,24149
بندر,24085
مأمور,24066
مغناطیسی,24054
شاگردان,24053
می‌دانست,24052
عمق,24048
مذکور,24044
۱۳۵۷,24039
بنیان,24030
این‌گونه,24027
تلقی,24024
جایزهٔ,23990
برقراری,23968
۱۳۸۸,23948
تجمع,23927
۱۹۸۹,23902
جداگانه,23891
تغذیه,23887
رفع,23870
شهید,23863
تسلط,23846
عوض,23835
بیماری‌های,23788
روحانیون,23762
ملت,23735
سران,23732
آفریقا,23729
دختران,23721
۱۹۹۵,23720
مالکیت,23717
دستیابی,23692
بلافاصله,23681
مجمع,23680
خودداری,23657
آسمان,23652
دارا,23630
استخدام,23615
کربن,23614
صعود,23583
تمدن,23580
گیاهی,23579
سهم,23521
صفوی,23518
علی‌رغم,23514
شهرک,23510
بازی‌ها,23495
جسم,23483
صادق,23476
محققان,23437
علمای,23417
گنبد,23381
زمینه‌های,23348
گذر,23305
۲۰۲۱,23297
جراحی,23260
تألیف,23250
قبایل,23226
ژرفای,23175
فارغ‌التحصیل,23165
جوایز,23136
اوضاع,23088
گیلان,23069
سنی,23054
کرمانشاه,23033
کانال,23012
فرم,23011
شاهزاده,23003
تلفن,22990
پراکنده,22964
چندی,22959
کنفرانس,22953
فرا,22949
خواب,22948
ثمر,22932
بهداشت,22919
برگشت,22908
ذهن,22838
کمپانی,22812
جستجوی,22802
مصاحبه,22766
جزئیات,22762
دستگیری,22758
زمین‌های,22754
باقی‌مانده,22733
۱۹۸۸,22722
دوستان,22671
ضروری,22643
۱۳۸۲,22621
تسخیر,22616
مستند,22605
منافع,22580
امید,22573
لاتین,22536
سالم,22528
سقف,22528
روزگار,22509
جمعه,22499
انتشارات,22478
به‌کار,22478
سلامت,22461
چشمه,22456
مازندران,22418
گفتگو,22401
مطالب,22393
فلسفی,22385
رسیدگی,22377
ژاپنی,22364
کشتن,22280
پیشرفته,22268
صرفاً,22266
رویکرد,22255
عالم,22247
اندیس,22241
راه‌آهن,22233
می‌توانست,22227
آنرا,22224
کوروش,22218
اهدا,22210
دسته‌بندی,22199
زخمی,22189
کاربردی,22184
شباهت,22182
شاعران,22173
پردازش,22168
مذاکرات,22136
رسیدند,22065
قومی,22057
ترس,22037
سفیر,22023
استان‌های,22019
عقب‌نشینی,21966
استقرار,21944
معاویه,21939
فدراسیون,21929
مجازات,21925
اثرات,21897
معبد,21892
روانی,21881
خسرو,21880
شکلی,21856
عظیم,21844
مفاهیم,21832
خواهان,21830
کشتار,21818
قضایی,21792
توانستند,21765
۱۳۸۹,21763
بتوانند,21755
محتوای,21751
خانوادگی,21736
مشاور,21734
حرارت,21726
حوادث,21717
اعطای,21714
۱۹۸۶,21713
پاپ,21691
الهی,21690
سرپرستی,21689
جواب,21686
پدیده,21672
انجامید,21664
قاضی,21646
برتری,21621
پرداختند,21589
دشت,21572
روزانه,21572
اکران,21571
بیرونی,21567
استادان,21562
سرمایه,21560
آوردند,21551
اجباری,21551
مک,21546
جو,21543
جانوران,21524
ازای,21517
عهد,21513
صدها,21505
پاکستان,21491
محبوب,21470
مربی,21466
پزشک,21438
شبه,21436
دانشجو,21429
سواحل,21421
چوب,21413
ایتالیایی,21403
تصویری,21397
آل,21386
شصت,21383
عملیاتی,21371
شماری,21359
رعایت,21355
زرد,21339
درختان,21321
سوار,21314
۱۹۸۴,21296
شکار,21294
کوچکتر,21267
مبلغ,21262
تیره,21253
پیدایش,21249
گردیده,21202
اعراب,21172
صدر,21170
تحمل,21163
منزل,21153
مصنوعی,21118
ژنرال,21088
می‌آیند,21080
شغل,21075
پادشاهان,21059
ایمنی,21048
فراتر,21046
تور,21044
۱۹۷۹,21035
مختصات,21024
شاهنشاهی,20999
قاره,20999
الکترونیکی,20988
حاج,20988
عملاً,20958
ترکیبات,20948
مجهز,20941
اختلافات,20927
جلو,20925
موسوی,20925
به‌دست,20903
مایکل,20897
۱۳۸۴,20896
سطحی,20855
دشوار,20838
پیاده‌سازی,20827
جستجو,20826
آزار,20817
بدان,20817
غیرقانونی,20817
مالک,20817
اخذ,20812
می‌کنیم,20798
۴۰۰,20766
مأموران,20748
۷۵,20737
شاخص,20716
۱۳۸۰,20695
ام,20680
حس,20671
دانشمند,20644
کوهستانی,20629
کامپیوتر,20608
محبوبیت,20578
فرمانروایی,20572
کتب,20568
علامت,20563
پرداخته,20499
گوش,20497
عرصه,20469
سوره,20447
شعار,20436
استخراج,20434
۱۳۹۵,20419
شاهان,20419
فرماندار,20412
حروف,20411
۳۲,20400
مستقیماً,20398
۱۳۹۲,20392
۱۹۵۰,20391
رفتند,20380
پارلمان,20360
قدمت,20360
عموم,20344
تصادفی,20336
سهام,20332
گردشگری,20312
تبلیغات,20293
روزی,20292
می‌افتد,20274
اوست,20267
آشنایی,20257
۱۹۸۷,20256
فرود,20255
ششمین,20245
کلمات,20238
تنهایی,20237
الدین,20221
بخاطر,20216
حرکات,20210
آگاه,20178
تحقیقاتی,20168
استخوان,20164
ابزارهای,20152
انتخاباتی,20146
ایل,20146
پژوهشگران,20143
درونی,20130
ضربه,20116
میل,20110
مقالات,20097
دائمی,20095
اندازهٔ,20087
بهائی,20076
روشی,20061
باد,20040
می‌کشد,20032
آسیایی,20031
اخبار,20031
دوربین,20017
کلیسا,20010
رسانه‌ها,19998
پیاده,19995
ابهام‌زدایی,19988
اندیشه,19987
تخلیه,19975
مورخ,19956
۱۹۸۵,19948
مرور,19943
پرنده,19933
مدنی,19913
خانم,19898
مسیحیان,19893
مجاز,19872
غالب,19862
منحصر,19862
آسیای,19828
مذاکره,19803
فکری,19802
ردیف,19801
کارکنان,19783
رقابت‌های,19779
منشأ,19752
آمدند,19750
منظم,19744
فیزیک,19742
درآورد,19739
معلوم,19737
قربانی,19733
داروهای,19730
سلیمان,19714
سامانه‌های,19700
مشروطه,19683
تعقیب,19679
قهرمانان,19679
عقاید,19675
آواز,19673
مسئولان,19656
تجدید,19603
کابل,19600
جنگل,19585
تجاوز,19567
کنون,19562
حاشیه,19558
اعظم,19551
گمان,19540
تکنولوژی,19525
انفجار,19510
گزارشی,19508
پلی,19499
خوردن,19486
جانبی,19482
میانی,19469
برنامه‌نویسی,19455
پیشروی,19453
استناد,19450
قرون,19450
ماهیت,19435
مطلق,19431
ملک,19429
آنجایی,19428
احتمالی,19412
سازماندهی,19399
تئوری,19393
دفاعی,19356
معانی,19347
روغن,19339
معنوی,19319
ضعف,19317
زرتشت,19315
فولاد,19308
قدرتمند,19276
عوارض,19263
ترجیح,19244
امامت,19242
گره,19237
افکار,19236
حدیث,19234
الی,19228
دقیقاً,19223
شرایطی,19215
قلم,19210
مدینه,19199
دموکرات,19171
اقیانوس,19137
راستای,19125
بابل,19116
مکانی,19103
۱۹۸۲,19093
۱۵۰,19085
تقلید,19071
منع,19059
سرطان,19055
۱۳۸۱,19054
الله,19053
تبلیغ,19044
چهره,19039
آثاری,19032
قوای,19029
گردآوری,19025
۴۵,19018
حالیکه,19014
شده اند,19007
فرماندهان,18990
جعفر,18977
سانتی‌متر,18976
برود,18969
متمایز,18966
بریتانیایی,18935
موجودات,18850
لوله,18849
می‌بایست,18847
محمدرضا,18835
آب‌های,18834
امواج,18828
قبیله,18816
طلایی,18815
محیطی,18786
خودکار,18783
تلفظ,18762
داریوش,18757
می گیرد,18742
زرتشتی,18711
تابستانی,18690
شورا,18653
معین,18651
مقدماتی,18637
ضلع,18625
سرور,18621
زندانیان,18612
تعطیل,18609
اراضی,18592
بردند,18589
خودکشی,18588
معنا,18582
بدنه,18581
بازرگانی,18578
کف,18557
ملکه,18557
بازمی‌گردد,18519
۱۹۸۱,18507
تنوع,18507
مرتبه,18507
اختصاصی,18505
داستانی,18501
برپا,18486
اکسیژن,18481
دروازه,18453
اضافی,18444
شان,18434
حامیان,18394
تک‌آهنگ,18364
متداول,18358
خاطرات,18355
درستی,18335
باره,18332
اجزای,18307
فلز,18253
تلفات,18249
بگیرند,18228
سپاهیان,18228
می‌برند,18222
بازیگری,18218
ثروت,18196
اعطا,18193
مرجع,18188
استعفا,18161
مناسبی,18148
۱۳۹۸,18145
کرمان,18136
کشیدن,18135
اردشیر,18128
رقیب,18109
ادیان,18076
آیات,18073
بدهد,18060
باشگاه‌های,18051
بیانیه,18051
ری,18042
گام,18035
قطعی,18020
می شد,18020
رومی,18012
دوره‌ای,18011
پرسپولیس,18008
۱۳۹۶,17974
۱۹۸۳,17974
تری,17971
بناهای,17960
تحصیلی,17936
کلیدی,17932
روس‌ها,17911
شکایت,17905
طایفه,17827
عمیق,17809
توقف,17806
۱۹۷۴,17795
بخار,17788
کالیفرنیا,17780
اثری,17758
الگوی,17755
۱۴۰۰,17742
منطقی,17732
کارایی,17729
پناه,17723
ترویج,17722
۱۹۷۲,17715
محاسبات,17683
تفکر,17676
۱۹۷۵,17668
صفحات,17650
جانشینی,17635
چارچوب,17621
فساد,17621
دوستی,17609
سیگنال,17598
رسم,17593
رنج,17578
۱۹۷۶,17564
پوشیده,17561
فعالان,17551
جامد,17536
رونق,17520
عباسی,17503
می‌گذارد,17493
ایمان,17492
چاه,17487
پاک,17482
سخنان,17480
آکادمی,17463
ایالتی,17455
خواسته,17421
پژوهش‌های,17404
قبر,17402
۱۹۳۰,17391
افزون,17381
دشمنان,17374
ایوان,17356
زمین‌شناسی,17337
۱۰۰۰,17323
کرسی,17320
جناح,17297
حرارتی,17293
تحریم,17288
جاری,17274
رنگی,17273
کارشناسان,17265
فلسطین,17250
۱۹۷۳,17231
جفت,17228
می‌رسید,17225
بد,17220
فردوسی,17215
ملقب,17208
۶۴,17206
سو,17206
۱۹۶۸,17191
آنگاه,17184
ساختمانی,17184
۱۹۷۸,17172
افتاده,17168
گذراند,17166
مکانیکی,17153
پیرو,17148
مداوم,17139
دویست,17138
دیوید,17127
شیشه,17125
پروژه‌های,17094
جنبه‌های,17094
مراجعه,17073
مصدق,17058
منسوب,17056
بتوان,17049
مقصد,17039
